phase,action,json_rel,json_name,base,match_found,matched_txt_rel,error
DRYRUN,ORPHAN,ביאור הרדל על פרקי דרבי אליעזר_links.json,ביאור הרדל על פרקי דרבי אליעזר_links.json,ביאור הרדל על פרקי דרבי אליעזר,no,,
DRYRUN,PLAN_DELETE,ביאור הרדל על פרקי דרבי אליעזר_links.json,ביאור הרדל על פרקי דרבי אליעזר_links.json,ביאור הרדל על פרקי דרבי אליעזר,no,,
DRYRUN,ORPHAN,בנין עולם_links.json,בנין עולם_links.json,בנין עולם,no,,
DRYRUN,PLAN_DELETE,בנין עולם_links.json,בנין עולם_links.json,בנין עולם,no,,
DRYRUN,ORPHAN,הלכות קטנות_links.json,הלכות קטנות_links.json,הלכות קטנות,no,,
DRYRUN,PLAN_DELETE,הלכות קטנות_links.json,הלכות קטנות_links.json,הלכות קטנות,no,,
DRYRUN,MATCH,השפעה; הלימוד המרכזי של הקבלה_links.json,השפעה; הלימוד המרכזי של הקבלה_links.json,השפעה; הלימוד המרכזי של הקבלה,yes,אוצריא\קבלה\בעל הסולם\השפעה; הלימוד המרכזי של הקבלה\השפעה; הלימוד המרכזי של הקבלה.txt,
DRYRUN,MATCH,כלי חמדה על התורה_links.json,כלי חמדה על התורה_links.json,כלי חמדה על התורה,yes,אוצריא\תנך\אחרונים\כלי חמדה על התורה\כלי חמדה על התורה.txt,
DRYRUN,MATCH,"משנת ארץ ישראל, מבוא_links.json","משנת ארץ ישראל, מבוא_links.json","משנת ארץ ישראל, מבוא",yes,"אוצריא\משנה\מחברי זמננו\משנת ארץ ישראל\משנת ארץ ישראל, מבוא\משנת ארץ ישראל, מבוא.txt",
DRYRUN,MATCH,ספר המליצה_links.json,ספר המליצה_links.json,ספר המליצה,yes,אוצריא\מחשבת ישראל\אחרונים\ספר המליצה.txt,
DRYRUN,ORPHAN,פירושי רדצ הופמן על שמות_links.json,פירושי רדצ הופמן על שמות_links.json,פירושי רדצ הופמן על שמות,no,,
DRYRUN,PLAN_DELETE,פירושי רדצ הופמן על שמות_links.json,פירושי רדצ הופמן על שמות_links.json,פירושי רדצ הופמן על שמות,no,,
DRYRUN,ORPHAN,רשימות שיעורים על הוריות_links.json,רשימות שיעורים על הוריות_links.json,רשימות שיעורים על הוריות,no,,
DRYRUN,PLAN_DELETE,רשימות שיעורים על הוריות_links.json,רשימות שיעורים על הוריות_links.json,רשימות שיעורים על הוריות,no,,
DRYRUN,ORPHAN,רשימות שיעורים על סנהדרין_links.json,רשימות שיעורים על סנהדרין_links.json,רשימות שיעורים על סנהדרין,no,,
DRYRUN,PLAN_DELETE,רשימות שיעורים על סנהדרין_links.json,רשימות שיעורים על סנהדרין_links.json,רשימות שיעורים על סנהדרין,no,,
DRYRUN,ORPHAN,שערי תורת ארץ ישראל על תלמוד ירושלמי בבא בתרא_links.json,שערי תורת ארץ ישראל על תלמוד ירושלמי בבא בתרא_links.json,שערי תורת ארץ ישראל על תלמוד ירושלמי בבא בתרא,no,,
DRYRUN,PLAN_DELETE,שערי תורת ארץ ישראל על תלמוד ירושלמי בבא בתרא_links.json,שערי תורת ארץ ישראל על תלמוד ירושלמי בבא בתרא_links.json,שערי תורת ארץ ישראל על תלמוד ירושלמי בבא בתרא,no,,
DRYRUN,ORPHAN,שערי תורת ארץ ישראל על תלמוד ירושלמי ברכות_links.json,שערי תורת ארץ ישראל על תלמוד ירושלמי ברכות_links.json,שערי תורת ארץ ישראל על תלמוד ירושלמי ברכות,no,,
DRYRUN,PLAN_DELETE,שערי תורת ארץ ישראל על תלמוד ירושלמי ברכות_links.json,שערי תורת ארץ ישראל על תלמוד ירושלמי ברכות_links.json,שערי תורת ארץ ישראל על תלמוד ירושלמי ברכות,no,,
DRYRUN,ORPHAN,שערי תורת ארץ ישראל על תלמוד ירושלמי גיטין_links.json,שערי תורת ארץ ישראל על תלמוד ירושלמי גיטין_links.json,שערי תורת ארץ ישראל על תלמוד ירושלמי גיטין,no,,
DRYRUN,PLAN_DELETE,שערי תורת ארץ ישראל על תלמוד ירושלמי גיטין_links.json,שערי תורת ארץ ישראל על תלמוד ירושלמי גיטין_links.json,שערי תורת ארץ ישראל על תלמוד ירושלמי גיטין,no,,
DRYRUN,ORPHAN,שערי תורת ארץ ישראל על תלמוד ירושלמי דמאי_links.json,שערי תורת ארץ ישראל על תלמוד ירושלמי דמאי_links.json,שערי תורת ארץ ישראל על תלמוד ירושלמי דמאי,no,,
DRYRUN,PLAN_DELETE,שערי תורת ארץ ישראל על תלמוד ירושלמי דמאי_links.json,שערי תורת ארץ ישראל על תלמוד ירושלמי דמאי_links.json,שערי תורת ארץ ישראל על תלמוד ירושלמי דמאי,no,,
DRYRUN,ORPHAN,שערי תורת ארץ ישראל על תלמוד ירושלמי הוריות_links.json,שערי תורת ארץ ישראל על תלמוד ירושלמי הוריות_links.json,שערי תורת ארץ ישראל על תלמוד ירושלמי הוריות,no,,
DRYRUN,PLAN_DELETE,שערי תורת ארץ ישראל על תלמוד ירושלמי הוריות_links.json,שערי תורת ארץ ישראל על תלמוד ירושלמי הוריות_links.json,שערי תורת ארץ ישראל על תלמוד ירושלמי הוריות,no,,
DRYRUN,ORPHAN,שערי תורת ארץ ישראל על תלמוד ירושלמי יומא_links.json,שערי תורת ארץ ישראל על תלמוד ירושלמי יומא_links.json,שערי תורת ארץ ישראל על תלמוד ירושלמי יומא,no,,
DRYRUN,PLAN_DELETE,שערי תורת ארץ ישראל על תלמוד ירושלמי יומא_links.json,שערי תורת ארץ ישראל על תלמוד ירושלמי יומא_links.json,שערי תורת ארץ ישראל על תלמוד ירושלמי יומא,no,,
DRYRUN,ORPHAN,שערי תורת ארץ ישראל על תלמוד ירושלמי כלאים_links.json,שערי תורת ארץ ישראל על תלמוד ירושלמי כלאים_links.json,שערי תורת ארץ ישראל על תלמוד ירושלמי כלאים,no,,
DRYRUN,PLAN_DELETE,שערי תורת ארץ ישראל על תלמוד ירושלמי כלאים_links.json,שערי תורת ארץ ישראל על תלמוד ירושלמי כלאים_links.json,שערי תורת ארץ ישראל על תלמוד ירושלמי כלאים,no,,
DRYRUN,ORPHAN,שערי תורת ארץ ישראל על תלמוד ירושלמי מועד קטן_links.json,שערי תורת ארץ ישראל על תלמוד ירושלמי מועד קטן_links.json,שערי תורת ארץ ישראל על תלמוד ירושלמי מועד קטן,no,,
DRYRUN,PLAN_DELETE,שערי תורת ארץ ישראל על תלמוד ירושלמי מועד קטן_links.json,שערי תורת ארץ ישראל על תלמוד ירושלמי מועד קטן_links.json,שערי תורת ארץ ישראל על תלמוד ירושלמי מועד קטן,no,,
DRYRUN,ORPHAN,שערי תורת ארץ ישראל על תלמוד ירושלמי מעשרות_links.json,שערי תורת ארץ ישראל על תלמוד ירושלמי מעשרות_links.json,שערי תורת ארץ ישראל על תלמוד ירושלמי מעשרות,no,,
DRYRUN,PLAN_DELETE,שערי תורת ארץ ישראל על תלמוד ירושלמי מעשרות_links.json,שערי תורת ארץ ישראל על תלמוד ירושלמי מעשרות_links.json,שערי תורת ארץ ישראל על תלמוד ירושלמי מעשרות,no,,
DRYRUN,ORPHAN,שערי תורת ארץ ישראל על תלמוד ירושלמי סוטה_links.json,שערי תורת ארץ ישראל על תלמוד ירושלמי סוטה_links.json,שערי תורת ארץ ישראל על תלמוד ירושלמי סוטה,no,,
DRYRUN,PLAN_DELETE,שערי תורת ארץ ישראל על תלמוד ירושלמי סוטה_links.json,שערי תורת ארץ ישראל על תלמוד ירושלמי סוטה_links.json,שערי תורת ארץ ישראל על תלמוד ירושלמי סוטה,no,,
DRYRUN,ORPHAN,שערי תורת ארץ ישראל על תלמוד ירושלמי סנהדרין_links.json,שערי תורת ארץ ישראל על תלמוד ירושלמי סנהדרין_links.json,שערי תורת ארץ ישראל על תלמוד ירושלמי סנהדרין,no,,
DRYRUN,PLAN_DELETE,שערי תורת ארץ ישראל על תלמוד ירושלמי סנהדרין_links.json,שערי תורת ארץ ישראל על תלמוד ירושלמי סנהדרין_links.json,שערי תורת ארץ ישראל על תלמוד ירושלמי סנהדרין,no,,
DRYRUN,ORPHAN,שערי תורת ארץ ישראל על תלמוד ירושלמי עירובין_links.json,שערי תורת ארץ ישראל על תלמוד ירושלמי עירובין_links.json,שערי תורת ארץ ישראל על תלמוד ירושלמי עירובין,no,,
DRYRUN,PLAN_DELETE,שערי תורת ארץ ישראל על תלמוד ירושלמי עירובין_links.json,שערי תורת ארץ ישראל על תלמוד ירושלמי עירובין_links.json,שערי תורת ארץ ישראל על תלמוד ירושלמי עירובין,no,,
DRYRUN,ORPHAN,שערי תורת ארץ ישראל על תלמוד ירושלמי ערלה_links.json,שערי תורת ארץ ישראל על תלמוד ירושלמי ערלה_links.json,שערי תורת ארץ ישראל על תלמוד ירושלמי ערלה,no,,
DRYRUN,PLAN_DELETE,שערי תורת ארץ ישראל על תלמוד ירושלמי ערלה_links.json,שערי תורת ארץ ישראל על תלמוד ירושלמי ערלה_links.json,שערי תורת ארץ ישראל על תלמוד ירושלמי ערלה,no,,
DRYRUN,ORPHAN,שערי תורת ארץ ישראל על תלמוד ירושלמי פסחים_links.json,שערי תורת ארץ ישראל על תלמוד ירושלמי פסחים_links.json,שערי תורת ארץ ישראל על תלמוד ירושלמי פסחים,no,,
DRYRUN,PLAN_DELETE,שערי תורת ארץ ישראל על תלמוד ירושלמי פסחים_links.json,שערי תורת ארץ ישראל על תלמוד ירושלמי פסחים_links.json,שערי תורת ארץ ישראל על תלמוד ירושלמי פסחים,no,,
DRYRUN,ORPHAN,שערי תורת ארץ ישראל על תלמוד ירושלמי קידושין_links.json,שערי תורת ארץ ישראל על תלמוד ירושלמי קידושין_links.json,שערי תורת ארץ ישראל על תלמוד ירושלמי קידושין,no,,
DRYRUN,PLAN_DELETE,שערי תורת ארץ ישראל על תלמוד ירושלמי קידושין_links.json,שערי תורת ארץ ישראל על תלמוד ירושלמי קידושין_links.json,שערי תורת ארץ ישראל על תלמוד ירושלמי קידושין,no,,
DRYRUN,ORPHAN,שערי תורת ארץ ישראל על תלמוד ירושלמי ראש השנה_links.json,שערי תורת ארץ ישראל על תלמוד ירושלמי ראש השנה_links.json,שערי תורת ארץ ישראל על תלמוד ירושלמי ראש השנה,no,,
DRYRUN,PLAN_DELETE,שערי תורת ארץ ישראל על תלמוד ירושלמי ראש השנה_links.json,שערי תורת ארץ ישראל על תלמוד ירושלמי ראש השנה_links.json,שערי תורת ארץ ישראל על תלמוד ירושלמי ראש השנה,no,,
DRYRUN,ORPHAN,שערי תורת ארץ ישראל על תלמוד ירושלמי שביעית_links.json,שערי תורת ארץ ישראל על תלמוד ירושלמי שביעית_links.json,שערי תורת ארץ ישראל על תלמוד ירושלמי שביעית,no,,
DRYRUN,PLAN_DELETE,שערי תורת ארץ ישראל על תלמוד ירושלמי שביעית_links.json,שערי תורת ארץ ישראל על תלמוד ירושלמי שביעית_links.json,שערי תורת ארץ ישראל על תלמוד ירושלמי שביעית,no,,
DRYRUN,ORPHAN,שערי תורת ארץ ישראל על תלמוד ירושלמי שבת_links.json,שערי תורת ארץ ישראל על תלמוד ירושלמי שבת_links.json,שערי תורת ארץ ישראל על תלמוד ירושלמי שבת,no,,
DRYRUN,PLAN_DELETE,שערי תורת ארץ ישראל על תלמוד ירושלמי שבת_links.json,שערי תורת ארץ ישראל על תלמוד ירושלמי שבת_links.json,שערי תורת ארץ ישראל על תלמוד ירושלמי שבת,no,,
DRYRUN,ORPHAN,שערי תורת ארץ ישראל על תלמוד ירושלמי תרומות_links.json,שערי תורת ארץ ישראל על תלמוד ירושלמי תרומות_links.json,שערי תורת ארץ ישראל על תלמוד ירושלמי תרומות,no,,
DRYRUN,PLAN_DELETE,שערי תורת ארץ ישראל על תלמוד ירושלמי תרומות_links.json,שערי תורת ארץ ישראל על תלמוד ירושלמי תרומות_links.json,שערי תורת ארץ ישראל על תלמוד ירושלמי תרומות,no,,
DRYRUN,ORPHAN,שערי תורת בבל על אבות דרבי נתן_links.json,שערי תורת בבל על אבות דרבי נתן_links.json,שערי תורת בבל על אבות דרבי נתן,no,,
DRYRUN,PLAN_DELETE,שערי תורת בבל על אבות דרבי נתן_links.json,שערי תורת בבל על אבות דרבי נתן_links.json,שערי תורת בבל על אבות דרבי נתן,no,,
DRYRUN,ORPHAN,שערי תורת בבל על בבא בתרא_links.json,שערי תורת בבל על בבא בתרא_links.json,שערי תורת בבל על בבא בתרא,no,,
DRYRUN,PLAN_DELETE,שערי תורת בבל על בבא בתרא_links.json,שערי תורת בבל על בבא בתרא_links.json,שערי תורת בבל על בבא בתרא,no,,
DRYRUN,ORPHAN,שערי תורת בבל על בבא מציעא_links.json,שערי תורת בבל על בבא מציעא_links.json,שערי תורת בבל על בבא מציעא,no,,
DRYRUN,PLAN_DELETE,שערי תורת בבל על בבא מציעא_links.json,שערי תורת בבל על בבא מציעא_links.json,שערי תורת בבל על בבא מציעא,no,,
DRYRUN,ORPHAN,שערי תורת בבל על בבא קמא_links.json,שערי תורת בבל על בבא קמא_links.json,שערי תורת בבל על בבא קמא,no,,
DRYRUN,PLAN_DELETE,שערי תורת בבל על בבא קמא_links.json,שערי תורת בבל על בבא קמא_links.json,שערי תורת בבל על בבא קמא,no,,
DRYRUN,ORPHAN,שערי תורת בבל על ביצה_links.json,שערי תורת בבל על ביצה_links.json,שערי תורת בבל על ביצה,no,,
DRYRUN,PLAN_DELETE,שערי תורת בבל על ביצה_links.json,שערי תורת בבל על ביצה_links.json,שערי תורת בבל על ביצה,no,,
DRYRUN,ORPHAN,שערי תורת בבל על בכורות_links.json,שערי תורת בבל על בכורות_links.json,שערי תורת בבל על בכורות,no,,
DRYRUN,PLAN_DELETE,שערי תורת בבל על בכורות_links.json,שערי תורת בבל על בכורות_links.json,שערי תורת בבל על בכורות,no,,
DRYRUN,ORPHAN,שערי תורת בבל על ברכות_links.json,שערי תורת בבל על ברכות_links.json,שערי תורת בבל על ברכות,no,,
DRYRUN,PLAN_DELETE,שערי תורת בבל על ברכות_links.json,שערי תורת בבל על ברכות_links.json,שערי תורת בבל על ברכות,no,,
DRYRUN,ORPHAN,שערי תורת בבל על גיטין_links.json,שערי תורת בבל על גיטין_links.json,שערי תורת בבל על גיטין,no,,
DRYRUN,PLAN_DELETE,שערי תורת בבל על גיטין_links.json,שערי תורת בבל על גיטין_links.json,שערי תורת בבל על גיטין,no,,
DRYRUN,ORPHAN,שערי תורת בבל על זבחים_links.json,שערי תורת בבל על זבחים_links.json,שערי תורת בבל על זבחים,no,,
DRYRUN,PLAN_DELETE,שערי תורת בבל על זבחים_links.json,שערי תורת בבל על זבחים_links.json,שערי תורת בבל על זבחים,no,,
DRYRUN,ORPHAN,שערי תורת בבל על חגיגה_links.json,שערי תורת בבל על חגיגה_links.json,שערי תורת בבל על חגיגה,no,,
DRYRUN,PLAN_DELETE,שערי תורת בבל על חגיגה_links.json,שערי תורת בבל על חגיגה_links.json,שערי תורת בבל על חגיגה,no,,
DRYRUN,ORPHAN,שערי תורת בבל על חולין_links.json,שערי תורת בבל על חולין_links.json,שערי תורת בבל על חולין,no,,
DRYRUN,PLAN_DELETE,שערי תורת בבל על חולין_links.json,שערי תורת בבל על חולין_links.json,שערי תורת בבל על חולין,no,,
DRYRUN,ORPHAN,שערי תורת בבל על יבמות_links.json,שערי תורת בבל על יבמות_links.json,שערי תורת בבל על יבמות,no,,
DRYRUN,PLAN_DELETE,שערי תורת בבל על יבמות_links.json,שערי תורת בבל על יבמות_links.json,שערי תורת בבל על יבמות,no,,
DRYRUN,ORPHAN,שערי תורת בבל על יומא_links.json,שערי תורת בבל על יומא_links.json,שערי תורת בבל על יומא,no,,
DRYRUN,PLAN_DELETE,שערי תורת בבל על יומא_links.json,שערי תורת בבל על יומא_links.json,שערי תורת בבל על יומא,no,,
DRYRUN,ORPHAN,שערי תורת בבל על כריתות_links.json,שערי תורת בבל על כריתות_links.json,שערי תורת בבל על כריתות,no,,
DRYRUN,PLAN_DELETE,שערי תורת בבל על כריתות_links.json,שערי תורת בבל על כריתות_links.json,שערי תורת בבל על כריתות,no,,
DRYRUN,ORPHAN,שערי תורת בבל על כתובות_links.json,שערי תורת בבל על כתובות_links.json,שערי תורת בבל על כתובות,no,,
DRYRUN,PLAN_DELETE,שערי תורת בבל על כתובות_links.json,שערי תורת בבל על כתובות_links.json,שערי תורת בבל על כתובות,no,,
DRYRUN,ORPHAN,שערי תורת בבל על מגילה_links.json,שערי תורת בבל על מגילה_links.json,שערי תורת בבל על מגילה,no,,
DRYRUN,PLAN_DELETE,שערי תורת בבל על מגילה_links.json,שערי תורת בבל על מגילה_links.json,שערי תורת בבל על מגילה,no,,
DRYRUN,ORPHAN,שערי תורת בבל על מועד קטן_links.json,שערי תורת בבל על מועד קטן_links.json,שערי תורת בבל על מועד קטן,no,,
DRYRUN,PLAN_DELETE,שערי תורת בבל על מועד קטן_links.json,שערי תורת בבל על מועד קטן_links.json,שערי תורת בבל על מועד קטן,no,,
DRYRUN,ORPHAN,שערי תורת בבל על מכות_links.json,שערי תורת בבל על מכות_links.json,שערי תורת בבל על מכות,no,,
DRYRUN,PLAN_DELETE,שערי תורת בבל על מכות_links.json,שערי תורת בבל על מכות_links.json,שערי תורת בבל על מכות,no,,
DRYRUN,ORPHAN,שערי תורת בבל על מנחות_links.json,שערי תורת בבל על מנחות_links.json,שערי תורת בבל על מנחות,no,,
DRYRUN,PLAN_DELETE,שערי תורת בבל על מנחות_links.json,שערי תורת בבל על מנחות_links.json,שערי תורת בבל על מנחות,no,,
DRYRUN,ORPHAN,שערי תורת בבל על מסכת דרך ארץ זוטא_links.json,שערי תורת בבל על מסכת דרך ארץ זוטא_links.json,שערי תורת בבל על מסכת דרך ארץ זוטא,no,,
DRYRUN,PLAN_DELETE,שערי תורת בבל על מסכת דרך ארץ זוטא_links.json,שערי תורת בבל על מסכת דרך ארץ זוטא_links.json,שערי תורת בבל על מסכת דרך ארץ זוטא,no,,
DRYRUN,ORPHAN,שערי תורת בבל על מסכת סופרים_links.json,שערי תורת בבל על מסכת סופרים_links.json,שערי תורת בבל על מסכת סופרים,no,,
DRYRUN,PLAN_DELETE,שערי תורת בבל על מסכת סופרים_links.json,שערי תורת בבל על מסכת סופרים_links.json,שערי תורת בבל על מסכת סופרים,no,,
DRYRUN,ORPHAN,שערי תורת בבל על מעילה_links.json,שערי תורת בבל על מעילה_links.json,שערי תורת בבל על מעילה,no,,
DRYRUN,PLAN_DELETE,שערי תורת בבל על מעילה_links.json,שערי תורת בבל על מעילה_links.json,שערי תורת בבל על מעילה,no,,
DRYRUN,ORPHAN,שערי תורת בבל על משנה אהלות_links.json,שערי תורת בבל על משנה אהלות_links.json,שערי תורת בבל על משנה אהלות,no,,
DRYRUN,PLAN_DELETE,שערי תורת בבל על משנה אהלות_links.json,שערי תורת בבל על משנה אהלות_links.json,שערי תורת בבל על משנה אהלות,no,,
DRYRUN,ORPHAN,שערי תורת בבל על משנה דמאי_links.json,שערי תורת בבל על משנה דמאי_links.json,שערי תורת בבל על משנה דמאי,no,,
DRYRUN,PLAN_DELETE,שערי תורת בבל על משנה דמאי_links.json,שערי תורת בבל על משנה דמאי_links.json,שערי תורת בבל על משנה דמאי,no,,
DRYRUN,ORPHAN,שערי תורת בבל על משנה טהרות_links.json,שערי תורת בבל על משנה טהרות_links.json,שערי תורת בבל על משנה טהרות,no,,
DRYRUN,PLAN_DELETE,שערי תורת בבל על משנה טהרות_links.json,שערי תורת בבל על משנה טהרות_links.json,שערי תורת בבל על משנה טהרות,no,,
DRYRUN,ORPHAN,שערי תורת בבל על משנה כלאים_links.json,שערי תורת בבל על משנה כלאים_links.json,שערי תורת בבל על משנה כלאים,no,,
DRYRUN,PLAN_DELETE,שערי תורת בבל על משנה כלאים_links.json,שערי תורת בבל על משנה כלאים_links.json,שערי תורת בבל על משנה כלאים,no,,
DRYRUN,ORPHAN,שערי תורת בבל על משנה כלים_links.json,שערי תורת בבל על משנה כלים_links.json,שערי תורת בבל על משנה כלים,no,,
DRYRUN,PLAN_DELETE,שערי תורת בבל על משנה כלים_links.json,שערי תורת בבל על משנה כלים_links.json,שערי תורת בבל על משנה כלים,no,,
DRYRUN,ORPHAN,שערי תורת בבל על משנה נגעים_links.json,שערי תורת בבל על משנה נגעים_links.json,שערי תורת בבל על משנה נגעים,no,,
DRYRUN,PLAN_DELETE,שערי תורת בבל על משנה נגעים_links.json,שערי תורת בבל על משנה נגעים_links.json,שערי תורת בבל על משנה נגעים,no,,
DRYRUN,ORPHAN,שערי תורת בבל על משנה עוקצים_links.json,שערי תורת בבל על משנה עוקצים_links.json,שערי תורת בבל על משנה עוקצים,no,,
DRYRUN,PLAN_DELETE,שערי תורת בבל על משנה עוקצים_links.json,שערי תורת בבל על משנה עוקצים_links.json,שערי תורת בבל על משנה עוקצים,no,,
DRYRUN,ORPHAN,שערי תורת בבל על משנה פרה_links.json,שערי תורת בבל על משנה פרה_links.json,שערי תורת בבל על משנה פרה,no,,
DRYRUN,PLAN_DELETE,שערי תורת בבל על משנה פרה_links.json,שערי תורת בבל על משנה פרה_links.json,שערי תורת בבל על משנה פרה,no,,
DRYRUN,ORPHAN,שערי תורת בבל על משנה קינים_links.json,שערי תורת בבל על משנה קינים_links.json,שערי תורת בבל על משנה קינים,no,,
DRYRUN,PLAN_DELETE,שערי תורת בבל על משנה קינים_links.json,שערי תורת בבל על משנה קינים_links.json,שערי תורת בבל על משנה קינים,no,,
DRYRUN,ORPHAN,שערי תורת בבל על משנה שביעית_links.json,שערי תורת בבל על משנה שביעית_links.json,שערי תורת בבל על משנה שביעית,no,,
DRYRUN,PLAN_DELETE,שערי תורת בבל על משנה שביעית_links.json,שערי תורת בבל על משנה שביעית_links.json,שערי תורת בבל על משנה שביעית,no,,
DRYRUN,ORPHAN,שערי תורת בבל על נדה_links.json,שערי תורת בבל על נדה_links.json,שערי תורת בבל על נדה,no,,
DRYRUN,PLAN_DELETE,שערי תורת בבל על נדה_links.json,שערי תורת בבל על נדה_links.json,שערי תורת בבל על נדה,no,,
DRYRUN,ORPHAN,שערי תורת בבל על נדרים_links.json,שערי תורת בבל על נדרים_links.json,שערי תורת בבל על נדרים,no,,
DRYRUN,PLAN_DELETE,שערי תורת בבל על נדרים_links.json,שערי תורת בבל על נדרים_links.json,שערי תורת בבל על נדרים,no,,
DRYRUN,ORPHAN,שערי תורת בבל על נזיר_links.json,שערי תורת בבל על נזיר_links.json,שערי תורת בבל על נזיר,no,,
DRYRUN,PLAN_DELETE,שערי תורת בבל על נזיר_links.json,שערי תורת בבל על נזיר_links.json,שערי תורת בבל על נזיר,no,,
DRYRUN,ORPHAN,שערי תורת בבל על סוטה_links.json,שערי תורת בבל על סוטה_links.json,שערי תורת בבל על סוטה,no,,
DRYRUN,PLAN_DELETE,שערי תורת בבל על סוטה_links.json,שערי תורת בבל על סוטה_links.json,שערי תורת בבל על סוטה,no,,
DRYRUN,ORPHAN,שערי תורת בבל על סוכה_links.json,שערי תורת בבל על סוכה_links.json,שערי תורת בבל על סוכה,no,,
DRYRUN,PLAN_DELETE,שערי תורת בבל על סוכה_links.json,שערי תורת בבל על סוכה_links.json,שערי תורת בבל על סוכה,no,,
DRYRUN,ORPHAN,שערי תורת בבל על סנהדרין_links.json,שערי תורת בבל על סנהדרין_links.json,שערי תורת בבל על סנהדרין,no,,
DRYRUN,PLAN_DELETE,שערי תורת בבל על סנהדרין_links.json,שערי תורת בבל על סנהדרין_links.json,שערי תורת בבל על סנהדרין,no,,
DRYRUN,ORPHAN,שערי תורת בבל על עבודה זרה_links.json,שערי תורת בבל על עבודה זרה_links.json,שערי תורת בבל על עבודה זרה,no,,
DRYRUN,PLAN_DELETE,שערי תורת בבל על עבודה זרה_links.json,שערי תורת בבל על עבודה זרה_links.json,שערי תורת בבל על עבודה זרה,no,,
DRYRUN,ORPHAN,שערי תורת בבל על עירובין_links.json,שערי תורת בבל על עירובין_links.json,שערי תורת בבל על עירובין,no,,
DRYRUN,PLAN_DELETE,שערי תורת בבל על עירובין_links.json,שערי תורת בבל על עירובין_links.json,שערי תורת בבל על עירובין,no,,
DRYRUN,ORPHAN,שערי תורת בבל על פסחים_links.json,שערי תורת בבל על פסחים_links.json,שערי תורת בבל על פסחים,no,,
DRYRUN,PLAN_DELETE,שערי תורת בבל על פסחים_links.json,שערי תורת בבל על פסחים_links.json,שערי תורת בבל על פסחים,no,,
DRYRUN,ORPHAN,שערי תורת בבל על קידושין_links.json,שערי תורת בבל על קידושין_links.json,שערי תורת בבל על קידושין,no,,
DRYRUN,PLAN_DELETE,שערי תורת בבל על קידושין_links.json,שערי תורת בבל על קידושין_links.json,שערי תורת בבל על קידושין,no,,
DRYRUN,ORPHAN,שערי תורת בבל על ראש השנה_links.json,שערי תורת בבל על ראש השנה_links.json,שערי תורת בבל על ראש השנה,no,,
DRYRUN,PLAN_DELETE,שערי תורת בבל על ראש השנה_links.json,שערי תורת בבל על ראש השנה_links.json,שערי תורת בבל על ראש השנה,no,,
DRYRUN,ORPHAN,שערי תורת בבל על שבועות_links.json,שערי תורת בבל על שבועות_links.json,שערי תורת בבל על שבועות,no,,
DRYRUN,PLAN_DELETE,שערי תורת בבל על שבועות_links.json,שערי תורת בבל על שבועות_links.json,שערי תורת בבל על שבועות,no,,
DRYRUN,ORPHAN,שערי תורת בבל על שבת_links.json,שערי תורת בבל על שבת_links.json,שערי תורת בבל על שבת,no,,
DRYRUN,PLAN_DELETE,שערי תורת בבל על שבת_links.json,שערי תורת בבל על שבת_links.json,שערי תורת בבל על שבת,no,,
DRYRUN,ORPHAN,שערי תורת בבל על תמורה_links.json,שערי תורת בבל על תמורה_links.json,שערי תורת בבל על תמורה,no,,
DRYRUN,PLAN_DELETE,שערי תורת בבל על תמורה_links.json,שערי תורת בבל על תמורה_links.json,שערי תורת בבל על תמורה,no,,
DRYRUN,ORPHAN,שערי תורת בבל על תמיד_links.json,שערי תורת בבל על תמיד_links.json,שערי תורת בבל על תמיד,no,,
DRYRUN,PLAN_DELETE,שערי תורת בבל על תמיד_links.json,שערי תורת בבל על תמיד_links.json,שערי תורת בבל על תמיד,no,,
DRYRUN,ORPHAN,שערי תורת בבל על תענית_links.json,שערי תורת בבל על תענית_links.json,שערי תורת בבל על תענית,no,,
DRYRUN,PLAN_DELETE,שערי תורת בבל על תענית_links.json,שערי תורת בבל על תענית_links.json,שערי תורת בבל על תענית,no,,
DRYRUN,ORPHAN,תוספות הראש על קידושין_links.json,תוספות הראש על קידושין_links.json,תוספות הראש על קידושין,no,,
DRYRUN,PLAN_DELETE,תוספות הראש על קידושין_links.json,תוספות הראש על קידושין_links.json,תוספות הראש על קידושין,no,,
